{"cameraMode":{"drawMode":0,"name":"Shaded","section":"Shading Mode"},"sceneLighting":false,"audioPlay":false,"sceneViewState":{"m_AlwaysRefresh":false,"showFog":true,"showSkybox":true,"showFlares":true,"showImageEffects":true,"showParticleSystems":true,"showVisualEffectGraphs":true,"m_FxEnabled":true},"in2DMode":false,"pivot":{"x":-0.056072887033224109,"y":0.3795183300971985,"z":0.18985843658447267},"rotation":{"x":-0.10156702995300293,"y":0.894302248954773,"z":-0.25939851999282839,"w":-0.35016247630119326},"size":0.3464101552963257,"orthographic":false}